mask_method,asym_masked_token_ratio,sym_masked_token_ratio,sym_masked_atom_ratio
token,0.8921348314606742,0.8921348314606742,0.4930217461863031
token,0.8921348314606742,0.8921348314606742,0.4930217461863031
token,0.8921348314606742,0.8921348314606742,0.4930217461863031
entity,0.9399477806788512,0.9399477806788512,0.5006825938566553
entity,0.7103448275862069,0.7103448275862069,0.4891347293559858
token,0.8921348314606742,0.8921348314606742,0.4930217461863031
token,0.8921348314606742,0.8921348314606742,0.4930217461863031
token,0.8921348314606742,0.8921348314606742,0.4930217461863031
token,0.8921348314606742,0.8921348314606742,0.4930217461863031
entity,0.9399477806788512,0.9399477806788512,0.5006825938566553
entity,0.7103448275862069,0.7103448275862069,0.4891347293559858
atom,1.0,1.0,0.4479407681628875
atom,0.6584507042253521,0.6584507042253521,0.43102625298329356
entity,0.8888888888888888,0.8888888888888888,0.45260115606936413
token,0.053125,0.2359375,0.11874745831638878
token,0.8113522537562604,0.9782971619365609,0.5074074074074074
token,0.140625,0.9140625,0.45307570977917977
atom,1.0,1.0,0.33013871374527115
token,0.48048780487804876,0.7292682926829268,0.34245723172628306
entity,0.09513274336283185,0.09513274336283185,0.0
entity,0.08125,0.08125,0.0
all,1.0,1.0,0.4998927728929874
entity,0.20625,0.20625,0.0
atom,1.0,1.0,0.4397453878519797
atom,1.0,1.0,0.438666387083246
atom,1.0,1.0,0.4376005146349309
entity,0.0953125,0.0953125,0.058654340010272255
atom,1.0,1.0,0.4486803519061584
atom,1.0,1.0,0.46803227808814396
token,0.5671875,0.5671875,0.2883003048780488
token,0.4140625,0.4890625,0.2456392366098913
atom,1.0,1.0,0.4308789595133208
token,0.4452054794520548,0.4452054794520548,0.22924721400955195
token,0.56875,0.56875,0.23877028181041848
atom,1.0,1.0,0.3603517491875359
token,0.8055555555555556,0.8447712418300654,0.43346267975348096
entity,0.975,0.975,0.4807056229327453
entity,0.0546875,0.0546875,0.0
atom,0.9828125,0.9828125,0.45913043478260873
token,0.25951557093425603,0.4602076124567474,0.2576932111815833
atom,1.0,1.0,0.4324569356300997
all,1.0,1.0,0.43661971830985913
atom,1.0,1.0,0.4455445544554455
entity,0.06451612903225806,0.06451612903225806,0.0
atom,1.0,1.0,0.42713404738721195
atom,1.0,1.0,0.4510721247563353
all,1.0,1.0,0.4945840554592721
entity,0.12173913043478261,0.12173913043478261,0.08105872622001653
token,0.9765625,0.9765625,0.47314049586776863
entity,0.196875,0.196875,0.0
token,0.6443298969072165,0.8762886597938144,0.42471530999578233
entity,0.0058823529411764705,0.0058823529411764705,0.0
atom,1.0,1.0,0.4234672304439746
entity,0.4578125,0.4578125,0.22359227291409778
all,1.0,1.0,0.48339575530586765
entity,0.996875,0.996875,0.5092449922958397
token,0.459375,0.9890625,0.49990401228642733
token,0.8578125,0.928125,0.4631612593894838
entity,0.2421875,0.2421875,0.19942238267148016
token,0.9046875,0.9734375,0.4305390995260664
token,0.5631229235880398,0.7774086378737541,0.42179662562699494
entity,0.9953125,0.9953125,0.46694619147449334
atom,1.0,1.0,0.4650630011454754
token,0.1015625,0.359375,0.15649017933390263
all,1.0,1.0,0.4827314303737581
atom,1.0,1.0,0.43047673098751416
atom,1.0,1.0,0.44886470257083877
token,0.49242424242424243,0.5303030303030303,0.29403095062638174
entity,0.07109004739336493,0.07109004739336493,0.0
token,0.7582417582417582,0.7868131868131868,0.39994096812278634
token,0.5217391304347826,0.9966555183946488,0.4864526886202585
all,0.5672131147540984,0.5672131147540984,0.4249637155297533
atom,1.0,1.0,0.43279402613565654
atom,1.0,1.0,0.42796157950907154
entity,0.19836065573770492,0.19836065573770492,0.133428981348637
entity,0.53125,0.53125,0.26526278534772607
atom,1.0,1.0,0.44117985943080995
entity,0.9065420560747663,0.9065420560747663,0.487151248164464
all,0.971875,0.971875,0.48714907077896397
token,0.5314009661835749,0.9227053140096618,0.5012787723785166
atom,1.0,1.0,0.44948008632528935
entity,0.10695187165775401,0.10695187165775401,0.0
atom,1.0,1.0,0.43818580833942944
entity,0.12149532710280374,0.12149532710280374,0.0
entity,0.084375,0.084375,0.0
atom,1.0,1.0,0.4433804388248419
all,1.0,1.0,0.46209098164405427
token,0.75,0.7671875,0.3780381944444444
atom,0.875,0.875,0.4279849469722887
entity,0.028125,0.028125,0.027375485694100976
entity,0.2828125,0.2828125,0.08239910313901344
atom,1.0,1.0,0.43419644767815113
atom,1.0,1.0,0.267461313258051
token,0.6265625,0.6984375,0.3414145461831296
entity,0.8898026315789473,0.8898026315789473,0.4153315757452849
entity,0.5171875,0.5171875,0.2383720930232558
atom,1.0,1.0,0.39771917320028516
token,0.4747292418772563,0.4747292418772563,0.2538082962268573
entity,0.05229793977812995,0.05229793977812995,0.0
entity,0.478125,0.478125,0.30599586492074426
atom,1.0,1.0,0.45995085995085994
token,0.815625,0.815625,0.3883425710709816
token,0.6688741721854304,1.0,0.485445205479452
entity,0.8260188087774295,0.8260188087774295,0.36241446725317694
token,0.8421875,0.9984375,0.4671475921232209
entity,0.9765625,0.9765625,0.47868047025794
atom,0.9078651685393259,0.9078651685393259,0.4534242129178838
token,0.5390625,0.9375,0.4582586172544332
token,0.75625,0.99375,0.47562296858071507
token,0.5352480417754569,0.5352480417754569,0.2808873720136519
token,0.8921348314606742,0.8921348314606742,0.4930217461863031
token,0.5352480417754569,0.5352480417754569,0.2808873720136519
token,0.8921348314606742,0.8921348314606742,0.4930217461863031
entity,0.7103448275862069,0.7103448275862069,0.4891347293559858
token,0.5352480417754569,0.5352480417754569,0.2808873720136519
token,0.8921348314606742,0.8921348314606742,0.4930217461863031
token,0.5352480417754569,0.5352480417754569,0.2808873720136519
entity,0.052873563218390804,0.052873563218390804,0.0
atom,1.0,1.0,0.31436077057793343
entity,0.388086642599278,0.388086642599278,0.0
atom,1.0,1.0,0.26342812006319116
entity,0.9951690821256038,0.9951690821256038,0.49132947976878616
token,0.78125,1.0,0.47850886127520875
atom,0.9777070063694268,0.9777070063694268,0.43729040912139505
token,0.7215619694397284,0.9796264855687606,0.4732061762034514
atom,1.0,1.0,0.3396793587174348
entity,0.06005221932114883,0.06005221932114883,0.0
token,0.32679738562091504,0.4477124183006536,0.23534558180227472
atom,1.0,1.0,0.42749699157641396
atom,0.9078651685393259,0.9078651685393259,0.4589419019798766
atom,0.7982758620689655,0.7982758620689655,0.43091859596713966
all,0.9606164383561644,0.9606164383561644,0.47919035706163293
entity,0.7375,0.7375,0.31324725011956
entity,0.8625,0.8625,0.4710975895155628
entity,0.2484375,0.2484375,0.13001281816517118
token,0.435546875,0.87109375,0.42881745120551096
atom,1.0,1.0,0.43708737864077674
token,0.2539404553415061,0.2539404553415061,0.1756908140403286
token,0.7828125,0.7828125,0.39322816467872257
atom,1.0,1.0,0.4423318010865023
token,0.3921875,0.884375,0.44745892243026364
token,0.4375,0.4375,0.26016771488469603
entity,0.5,0.5,0.23167155425219943
all,1.0,1.0,0.5073705179282868
token,0.503125,0.5625,0.3032314410480349
token,0.8006329113924051,0.9129746835443038,0.3951502211377155
entity,0.9449035812672176,0.9449035812672176,0.4682184422560429
token,0.8171875,0.8171875,0.3792608539648368
atom,1.0,1.0,0.4324569356300997
atom,1.0,1.0,0.4584461570506144
atom,1.0,1.0,0.4399897418362113
all,1.0,1.0,0.47326732673267324
all,0.2413793103448276,0.2413793103448276,0.40718562874251496
token,0.5896907216494846,0.5896907216494846,0.31161024992091113
all,1.0,1.0,0.4923976608187135
entity,0.925,0.925,0.5007241878750259
token,0.7739130434782608,0.7739130434782608,0.4119106699751861
token,0.5578125,0.94375,0.44237244237244233
token,0.022336769759450172,0.044673539518900345,0.02277520033741043
token,0.8599605522682445,1.0,0.4893797790994052
entity,0.284375,0.284375,0.1418985593053088
token,0.4375,0.6953125,0.3271918678526048
atom,1.0,1.0,0.43495630461922596
token,0.95625,0.99375,0.47024912497426397
entity,0.9953125,0.9953125,0.5154403354937095
entity,0.009375,0.009375,0.0120550009417969
entity,0.0796875,0.0796875,0.07118860982242836
all,1.0,1.0,0.48579970104633785
atom,1.0,1.0,0.4154126766985864
entity,0.4609375,0.4609375,0.17246363718493085
atom,1.0,1.0,0.4650630011454754
atom,1.0,1.0,0.4410583510512639
all,1.0,1.0,0.45462292288027273
token,0.8320251177394035,0.8822605965463108,0.4285055350553506
atom,1.0,1.0,0.42871613066599135
entity,0.0688,0.0688,0.07603643799962823
entity,0.5151515151515151,0.5151515151515151,0.29034635224760497
entity,0.9124797406807131,0.9124797406807131,0.4638694638694638
atom,0.9538461538461539,0.9538461538461539,0.44746162927981115
token,0.9816053511705686,1.0,0.48978741142142557
atom,0.9294871794871795,0.9294871794871795,0.4385868570382574
token,0.31886477462437396,0.333889816360601,0.23594791997459508
entity,0.2222222222222222,0.2222222222222222,0.1366061899679829
all,0.8734375,0.8734375,0.45640305724535957
all,1.0,1.0,0.464354527938343
entity,0.9546875,0.9546875,0.44363367174280877
atom,1.0,1.0,0.40531071362714366
token,0.3328125,0.775,0.44928186714542195
token,0.8857142857142857,0.9301587301587302,0.46804835924006905
token,0.6421875,0.66875,0.3362369337979094
atom,1.0,1.0,0.35246995994659547
entity,0.1546875,0.1546875,0.07242603550295856
all,1.0,1.0,0.49741602067183466
token,0.9046875,0.91875,0.46665298584034476
atom,1.0,1.0,0.44282310899344846
token,0.8972602739726028,0.9657534246575342,0.4637257507307999
entity,0.050955414012738856,0.050955414012738856,0.0015364354697102733
atom,0.933993399339934,0.933993399339934,0.44564286937168296
entity,0.9859375,0.9859375,0.4882096069868995
token,0.209375,0.209375,0.10532822351341331
entity,0.9491525423728814,0.9491525423728814,0.46008987802268353
token,0.33125,1.0,0.46510656080234014
atom,1.0,1.0,0.42263035676588556
entity,0.5984375,0.5984375,0.2266902342023862
atom,1.0,1.0,0.46342794759825323
atom,1.0,1.0,0.4030382150486589
entity,0.05054151624548736,0.05054151624548736,0.0
token,0.5781758957654723,0.742671009771987,0.42270742358078606
token,0.2766798418972332,0.2766798418972332,0.144963144963145
entity,0.75,0.75,0.2872458410351202
all,1.0,1.0,0.48586118251928023
token,0.88125,0.88125,0.4053907380607815
atom,1.0,1.0,0.4119665451426121
all,1.0,1.0,0.47392996108949415
entity,0.91875,0.91875,0.41650066401062413
entity,0.8876404494382022,0.8876404494382022,0.4982148653034729
token,0.784375,0.9796875,0.47620004016870854
entity,0.8528138528138528,0.8528138528138528,0.4964777947932618
token,0.28180354267310787,0.7133655394524959,0.36413684624459297
atom,1.0,1.0,0.43889328063241106
token,0.5451612903225806,0.5451612903225806,0.29481733220050976
atom,1.0,1.0,0.42948207171314745
token,0.8076923076923077,0.8653846153846154,0.42400000000000004
token,0.9375,0.9609375,0.49289638189050955
all,1.0,1.0,0.5117299256151058
token,0.4703125,0.4703125,0.20992573809092552
token,0.2504930966469428,0.2504930966469428,0.12763192097738496
token,0.4421875,0.4578125,0.21554516012954306
token,0.1234375,0.1234375,0.08714596949891062
entity,0.6730769230769231,0.6730769230769231,0.3828571428571429
token,0.50625,0.7828125,0.34008733624454146
atom,1.0,1.0,0.4265169424743893
all,1.0,1.0,0.4463331714424478
atom,1.0,1.0,0.4423541247484909
atom,1.0,1.0,0.3948370715192552
all,1.0,1.0,0.4868711164562036
entity,0.05737704918032787,0.05737704918032787,0.03122537431048067
entity,0.5109375,0.5109375,0.2670473631172321
all,1.0,1.0,0.4891756869275604
token,0.6115107913669064,0.8633093525179856,0.29924502402196296
token,0.3944954128440367,0.3944954128440367,0.10576923076923073
atom,0.9852216748768473,0.9852216748768473,0.36780821917808215
token,0.815625,0.815625,0.3273789075918928
entity,0.8254716981132075,0.8254716981132075,0.48968713789107765
entity,0.05345911949685535,0.05345911949685535,0.05691924581999286
atom,1.0,1.0,0.41053711939787885
all,1.0,1.0,0.5064584538268748
atom,1.0,1.0,0.44905736060970713
atom,1.0,1.0,0.3634651600753296
atom,1.0,1.0,0.46509803921568627
all,1.0,1.0,0.4902597402597403
token,0.26875,0.26875,0.13043478260869568
token,0.790625,0.790625,0.3430283360379478
token,0.6796875,0.9171875,0.4255390272438576
atom,1.0,1.0,0.40959894806048647
entity,0.921875,0.921875,0.43252673044456946
atom,1.0,1.0,0.4402503027856278
atom,1.0,1.0,0.4546021840873635
token,0.640625,0.790625,0.3856095679012346
atom,1.0,1.0,0.3817899637868598
atom,1.0,1.0,0.3728613569321534
token,0.9265625,0.9265625,0.4183406113537118
token,0.28515625,0.671875,0.3804713804713805
atom,1.0,1.0,0.42447058823529416
token,0.2755905511811024,0.2755905511811024,0.1875070597537558
entity,0.33125,0.33125,0.11418072945019053
token,0.034375,0.034375,0.014617006324666226
entity,0.045454545454545456,0.045454545454545456,0.0
entity,0.08304498269896193,0.08304498269896193,0.08551266085512665
entity,0.2515625,0.2515625,0.08028455284552849
atom,1.0,1.0,0.45336873547958845
atom,1.0,1.0,0.42331393358438896
token,0.7081218274111675,0.7081218274111675,0.32607398568019097
token,0.6054888507718696,0.6054888507718696,0.3390067865991597
atom,1.0,1.0,0.4423864940173742
all,1.0,1.0,0.4813688212927757
token,0.33226837060702874,0.7028753993610224,0.3584905660377359
token,0.5018181818181818,0.5018181818181818,0.2797253342970727
all,1.0,1.0,0.48272378258233983
entity,0.02459016393442623,0.02459016393442623,0.028585632612478262
atom,1.0,1.0,0.35582822085889576
token,0.5578125,0.5578125,0.27032359905288084
atom,1.0,1.0,0.3949898785425101
all,1.0,1.0,0.4908512330946698
atom,1.0,1.0,0.44565217391304346
entity,0.05263157894736842,0.05263157894736842,0.06849611063094208
atom,0.9788961038961039,0.9788961038961039,0.41573770491803275
all,1.0,1.0,0.46777546777546775
all,1.0,1.0,0.46421096693177066
token,0.68125,0.68125,0.33516160626836433
entity,0.090625,0.090625,0.02552600662180926
all,1.0,1.0,0.49567034935801735
entity,0.0846774193548387,0.0846774193548387,0.08725445408862498
entity,0.45,0.45,0.1536691692903851
atom,1.0,1.0,0.4670098268600842
all,1.0,1.0,0.5036639857015193
entity,0.06451612903225806,0.06451612903225806,0.0
token,0.351027397260274,0.351027397260274,0.1999090288833295
token,0.6260869565217392,0.6260869565217392,0.25310173697270466
atom,1.0,1.0,0.4324569356300997
atom,1.0,1.0,0.4421177400237061
token,0.66875,1.0,0.47373029772329245
entity,0.13981042654028436,0.13981042654028436,0.0
token,0.7302405498281787,1.0,0.49135385913116825
token,0.3125,0.7140625,0.26670347874102707
token,0.4171875,1.0,0.48993823470810915
atom,1.0,1.0,0.3679678530424799
entity,0.5,0.5,0.21700879765395897
atom,1.0,1.0,0.396732788798133
entity,0.08097928436911488,0.08097928436911488,0.0
entity,0.03864734299516908,0.03864734299516908,0.041040462427745616
entity,0.10752688172043011,0.10752688172043011,0.09603960396039601
atom,1.0,1.0,0.4182582123758595
atom,1.0,1.0,0.43232866193127284
atom,0.9828125,0.9828125,0.46299516908212557
token,0.8333333333333334,1.0,0.4889643463497453
atom,1.0,1.0,0.44873294346978554
token,0.6640625,0.8703125,0.4097251585623679
atom,1.0,1.0,0.4133611691022965
entity,0.09646302250803858,0.09646302250803858,0.0
token,0.7062706270627063,0.9092409240924092,0.4506232023010547
token,0.4171875,0.98125,0.471431497030514
atom,1.0,1.0,0.35195424213536697
atom,1.0,1.0,0.4411985018726592
entity,0.8817034700315457,0.8817034700315457,0.503010752688172
atom,0.9078651685393259,0.9078651685393259,0.4589419019798766
atom,1.0,1.0,0.4643580769939215
atom,1.0,1.0,0.43368774482372696
atom,1.0,1.0,0.4607508532423208
token,0.6848,0.88,0.43860759493670887
token,0.01937046004842615,0.0387409200968523,0.01899509803921573
atom,1.0,1.0,0.4038420941524171
entity,0.9015625,0.9015625,0.42087336244541484
entity,0.9625,0.9625,0.5092702169625247
entity,0.659375,0.659375,0.25718460789089137
entity,0.753125,0.753125,0.4250960307298336
atom,1.0,1.0,0.4650630011454754
atom,1.0,1.0,0.32238077356365
token,0.14393939393939395,0.14393939393939395,0.10759027266027998
token,0.5059288537549407,0.5059288537549407,0.25700245700245705
all,1.0,1.0,0.5098602335822324
token,0.4526143790849673,0.7401960784313726,0.41275876637093367
token,0.1492776886035313,0.3579454253611557,0.1961864406779661
atom,1.0,1.0,0.4479537366548043
atom,1.0,1.0,0.4316285041729082
atom,1.0,1.0,0.46726959517657196
token,0.3203125,0.321875,0.13382250174703003
atom,1.0,1.0,0.4255939974989579
atom,1.0,1.0,0.3187660668380463
token,0.35,0.3515625,0.1508510638297872
entity,0.17696160267111852,0.17696160267111852,0.09768571793888248
token,0.9265625,0.95625,0.46054142739950776
token,0.2575516693163752,0.3338632750397456,0.18852823477100933
all,1.0,1.0,0.4694300518134715
entity,0.05054151624548736,0.05054151624548736,0.0
token,0.9640625,1.0,0.45380840622999785
entity,0.9671875,0.9671875,0.42405927081302397
atom,0.9538461538461539,0.9538461538461539,0.4492325855962219
entity,0.9691558441558441,0.9691558441558441,0.4937384520632314
token,0.3390119250425894,0.606473594548552,0.3490765171503958
entity,0.6666666666666666,0.6666666666666666,0.33211678832116787
all,1.0,1.0,0.4378979726268023
token,0.83125,0.96875,0.4841075794621027
token,0.7046875,0.8265625,0.4298365122615804
entity,0.9574468085106383,0.9574468085106383,0.464093567251462
atom,1.0,1.0,0.4530525502318392
entity,0.18985270049099837,0.18985270049099837,0.07662152530292232
token,0.484375,0.484375,0.23214974913160946
entity,0.821875,0.821875,0.4062117877231597
token,0.873015873015873,0.9365079365079365,0.3852721451440768
all,0.9076576576576577,0.9076576576576577,0.49837662337662336
token,0.5140625,0.9015625,0.41264435889843054
atom,1.0,1.0,0.44968657208841967
token,0.6671875,0.6671875,0.34056289720568955
token,0.8515625,0.8515625,0.36605080831408776
entity,0.009375,0.009375,0.001485754238769399
token,0.3780290791599354,0.3780290791599354,0.28128834355828225
all,1.0,1.0,0.4944827586206897
token,0.38125,0.45625,0.1894117647058824
all,1.0,1.0,0.45774732539968743
atom,1.0,1.0,0.3613445378151261
entity,0.052873563218390804,0.052873563218390804,0.0
atom,1.0,1.0,0.31436077057793343
entity,0.388086642599278,0.388086642599278,0.0
atom,1.0,1.0,0.26342812006319116
entity,0.9951690821256038,0.9951690821256038,0.49132947976878616
entity,0.06005221932114883,0.06005221932114883,0.0
token,0.78125,1.0,0.47850886127520875
token,0.7215619694397284,0.9796264855687606,0.4732061762034514
atom,0.9777070063694268,0.9777070063694268,0.43729040912139505
atom,1.0,1.0,0.3396793587174348
atom,1.0,1.0,0.42749699157641396
token,0.32679738562091504,0.4477124183006536,0.23534558180227472
atom,0.9078651685393259,0.9078651685393259,0.4589419019798766
all,0.9606164383561644,0.9606164383561644,0.47919035706163293
entity,0.8625,0.8625,0.4710975895155628
entity,0.7375,0.7375,0.31324725011956
atom,0.7982758620689655,0.7982758620689655,0.43091859596713966
token,0.3921875,0.884375,0.44745892243026364
token,0.7828125,0.7828125,0.39322816467872257
atom,1.0,1.0,0.43708737864077674
token,0.435546875,0.87109375,0.42881745120551096
token,0.4375,0.4375,0.26016771488469603
entity,0.2484375,0.2484375,0.13001281816517118
token,0.2539404553415061,0.2539404553415061,0.1756908140403286
atom,1.0,1.0,0.4423318010865023
entity,0.5,0.5,0.23167155425219943
all,1.0,1.0,0.5073705179282868
token,0.503125,0.5625,0.3032314410480349
entity,0.9449035812672176,0.9449035812672176,0.4682184422560429
atom,1.0,1.0,0.4324569356300997
token,0.8171875,0.8171875,0.3792608539648368
atom,1.0,1.0,0.4584461570506144
token,0.8006329113924051,0.9129746835443038,0.3951502211377155
atom,1.0,1.0,0.4399897418362113
all,1.0,1.0,0.47326732673267324
all,0.2413793103448276,0.2413793103448276,0.40718562874251496
token,0.5896907216494846,0.5896907216494846,0.31161024992091113
all,1.0,1.0,0.4923976608187135
entity,0.925,0.925,0.5007241878750259
token,0.7739130434782608,0.7739130434782608,0.4119106699751861
token,0.5578125,0.94375,0.44237244237244233
token,0.022336769759450172,0.044673539518900345,0.02277520033741043
token,0.8599605522682445,1.0,0.4893797790994052
entity,0.284375,0.284375,0.1418985593053088
token,0.4375,0.6953125,0.3271918678526048
entity,0.052873563218390804,0.052873563218390804,0.0
atom,1.0,1.0,0.31436077057793343
atom,1.0,1.0,0.26342812006319116
entity,0.388086642599278,0.388086642599278,0.0
entity,0.9951690821256038,0.9951690821256038,0.49132947976878616
token,0.78125,1.0,0.47850886127520875
entity,0.06005221932114883,0.06005221932114883,0.0
token,0.7215619694397284,0.9796264855687606,0.4732061762034514
atom,1.0,1.0,0.3396793587174348
atom,0.9777070063694268,0.9777070063694268,0.43729040912139505
atom,0.9078651685393259,0.9078651685393259,0.4589419019798766
atom,1.0,1.0,0.42749699157641396
token,0.32679738562091504,0.4477124183006536,0.23534558180227472
all,0.9606164383561644,0.9606164383561644,0.47919035706163293
entity,0.7375,0.7375,0.31324725011956
atom,0.7982758620689655,0.7982758620689655,0.43091859596713966
entity,0.8625,0.8625,0.4710975895155628
token,0.4375,0.4375,0.26016771488469603
token,0.435546875,0.87109375,0.42881745120551096
entity,0.2484375,0.2484375,0.13001281816517118
token,0.2539404553415061,0.2539404553415061,0.1756908140403286
token,0.7828125,0.7828125,0.39322816467872257
token,0.3921875,0.884375,0.44745892243026364
atom,1.0,1.0,0.43708737864077674
atom,1.0,1.0,0.4423318010865023
entity,0.5,0.5,0.23167155425219943
token,0.503125,0.5625,0.3032314410480349
token,0.8171875,0.8171875,0.3792608539648368
all,1.0,1.0,0.5073705179282868
entity,0.9449035812672176,0.9449035812672176,0.4682184422560429
token,0.8006329113924051,0.9129746835443038,0.3951502211377155
atom,1.0,1.0,0.4324569356300997
atom,1.0,1.0,0.4584461570506144
atom,1.0,1.0,0.4399897418362113
all,1.0,1.0,0.47326732673267324
all,0.2413793103448276,0.2413793103448276,0.40718562874251496
token,0.5896907216494846,0.5896907216494846,0.31161024992091113
all,1.0,1.0,0.4923976608187135
entity,0.925,0.925,0.5007241878750259
token,0.7739130434782608,0.7739130434782608,0.4119106699751861
token,0.5578125,0.94375,0.44237244237244233
token,0.022336769759450172,0.044673539518900345,0.02277520033741043
token,0.8599605522682445,1.0,0.4893797790994052
entity,0.284375,0.284375,0.1418985593053088
token,0.4375,0.6953125,0.3271918678526048
atom,1.0,1.0,0.43495630461922596
token,0.95625,0.99375,0.47024912497426397
entity,0.9953125,0.9953125,0.5154403354937095
entity,0.009375,0.009375,0.0120550009417969
entity,0.0796875,0.0796875,0.07118860982242836
all,1.0,1.0,0.48579970104633785
atom,1.0,1.0,0.4154126766985864
entity,0.4609375,0.4609375,0.17246363718493085
atom,1.0,1.0,0.4650630011454754
atom,1.0,1.0,0.4410583510512639
all,1.0,1.0,0.45462292288027273
token,0.8320251177394035,0.8822605965463108,0.4285055350553506
atom,1.0,1.0,0.42871613066599135
entity,0.0688,0.0688,0.07603643799962823
entity,0.5151515151515151,0.5151515151515151,0.29034635224760497
entity,0.9124797406807131,0.9124797406807131,0.4638694638694638
atom,0.9538461538461539,0.9538461538461539,0.44746162927981115
token,0.9816053511705686,1.0,0.48978741142142557
atom,0.9294871794871795,0.9294871794871795,0.4385868570382574
token,0.31886477462437396,0.333889816360601,0.23594791997459508
entity,0.2222222222222222,0.2222222222222222,0.1366061899679829
entity,0.9546875,0.9546875,0.44363367174280877
all,1.0,1.0,0.464354527938343
all,0.8734375,0.8734375,0.45640305724535957
atom,1.0,1.0,0.40531071362714366
token,0.3328125,0.775,0.44928186714542195
token,0.8857142857142857,0.9301587301587302,0.46804835924006905
token,0.6421875,0.66875,0.3362369337979094
atom,1.0,1.0,0.35246995994659547
entity,0.1546875,0.1546875,0.07242603550295856
all,1.0,1.0,0.49741602067183466
token,0.9046875,0.91875,0.46665298584034476
atom,1.0,1.0,0.44282310899344846
token,0.8972602739726028,0.9657534246575342,0.4637257507307999
entity,0.050955414012738856,0.050955414012738856,0.0015364354697102733
atom,0.933993399339934,0.933993399339934,0.44564286937168296
entity,0.9859375,0.9859375,0.4882096069868995
token,0.209375,0.209375,0.10532822351341331
entity,0.9491525423728814,0.9491525423728814,0.46008987802268353
token,0.33125,1.0,0.46510656080234014
atom,1.0,1.0,0.42263035676588556
entity,0.5984375,0.5984375,0.2266902342023862
atom,1.0,1.0,0.46342794759825323
atom,1.0,1.0,0.4030382150486589
entity,0.05054151624548736,0.05054151624548736,0.0
token,0.5781758957654723,0.742671009771987,0.42270742358078606
token,0.2766798418972332,0.2766798418972332,0.144963144963145
entity,0.75,0.75,0.2872458410351202
all,1.0,1.0,0.48586118251928023
token,0.88125,0.88125,0.4053907380607815
atom,1.0,1.0,0.4119665451426121
all,1.0,1.0,0.47392996108949415
entity,0.91875,0.91875,0.41650066401062413
entity,0.8876404494382022,0.8876404494382022,0.4982148653034729
token,0.784375,0.9796875,0.47620004016870854
entity,0.8528138528138528,0.8528138528138528,0.4964777947932618
token,0.28180354267310787,0.7133655394524959,0.36413684624459297
atom,1.0,1.0,0.43889328063241106
token,0.5451612903225806,0.5451612903225806,0.29481733220050976
atom,1.0,1.0,0.42948207171314745
token,0.8076923076923077,0.8653846153846154,0.42400000000000004
token,0.9375,0.9609375,0.49289638189050955
all,1.0,1.0,0.5117299256151058
token,0.4703125,0.4703125,0.20992573809092552
token,0.2504930966469428,0.2504930966469428,0.12763192097738496
token,0.4421875,0.4578125,0.21554516012954306
token,0.1234375,0.1234375,0.08714596949891062
entity,0.6730769230769231,0.6730769230769231,0.3828571428571429
token,0.50625,0.7828125,0.34008733624454146
atom,1.0,1.0,0.4265169424743893
all,1.0,1.0,0.4463331714424478
atom,1.0,1.0,0.4423541247484909
atom,1.0,1.0,0.3948370715192552
all,1.0,1.0,0.4868711164562036
entity,0.05737704918032787,0.05737704918032787,0.03122537431048067
entity,0.5109375,0.5109375,0.2670473631172321
all,1.0,1.0,0.4891756869275604
token,0.6115107913669064,0.8633093525179856,0.29924502402196296
token,0.3944954128440367,0.3944954128440367,0.10576923076923073
atom,0.9852216748768473,0.9852216748768473,0.36780821917808215
token,0.815625,0.815625,0.3273789075918928
entity,0.8254716981132075,0.8254716981132075,0.48968713789107765
entity,0.05345911949685535,0.05345911949685535,0.05691924581999286
atom,1.0,1.0,0.41053711939787885
all,1.0,1.0,0.5064584538268748
atom,1.0,1.0,0.44905736060970713
atom,1.0,1.0,0.3634651600753296
atom,1.0,1.0,0.46509803921568627
all,1.0,1.0,0.4902597402597403
token,0.26875,0.26875,0.13043478260869568
token,0.790625,0.790625,0.3430283360379478
token,0.6796875,0.9171875,0.4255390272438576
entity,0.921875,0.921875,0.43252673044456946
atom,1.0,1.0,0.40959894806048647
atom,1.0,1.0,0.4546021840873635
atom,1.0,1.0,0.4402503027856278
token,0.640625,0.790625,0.3856095679012346
atom,1.0,1.0,0.3817899637868598
token,0.9265625,0.9265625,0.4183406113537118
atom,1.0,1.0,0.3728613569321534
token,0.28515625,0.671875,0.3804713804713805
atom,1.0,1.0,0.42447058823529416
token,0.2755905511811024,0.2755905511811024,0.1875070597537558
entity,0.33125,0.33125,0.11418072945019053
token,0.034375,0.034375,0.014617006324666226
entity,0.045454545454545456,0.045454545454545456,0.0
entity,0.08304498269896193,0.08304498269896193,0.08551266085512665
entity,0.2515625,0.2515625,0.08028455284552849
atom,1.0,1.0,0.45336873547958845
atom,1.0,1.0,0.42331393358438896
token,0.7081218274111675,0.7081218274111675,0.32607398568019097
token,0.6054888507718696,0.6054888507718696,0.3390067865991597
atom,1.0,1.0,0.4423864940173742
all,1.0,1.0,0.4813688212927757
token,0.33226837060702874,0.7028753993610224,0.3584905660377359
token,0.5018181818181818,0.5018181818181818,0.2797253342970727
all,1.0,1.0,0.48272378258233983
entity,0.02459016393442623,0.02459016393442623,0.028585632612478262
atom,1.0,1.0,0.35582822085889576
token,0.5578125,0.5578125,0.27032359905288084
atom,1.0,1.0,0.3949898785425101
all,1.0,1.0,0.4908512330946698
atom,1.0,1.0,0.44565217391304346
entity,0.05263157894736842,0.05263157894736842,0.06849611063094208
atom,0.9788961038961039,0.9788961038961039,0.41573770491803275
all,1.0,1.0,0.46777546777546775
all,1.0,1.0,0.46421096693177066
token,0.68125,0.68125,0.33516160626836433
entity,0.090625,0.090625,0.02552600662180926
all,1.0,1.0,0.49567034935801735
entity,0.0846774193548387,0.0846774193548387,0.08725445408862498
entity,0.45,0.45,0.1536691692903851
atom,1.0,1.0,0.4670098268600842
all,1.0,1.0,0.5036639857015193
entity,0.6703125,0.6703125,0.3536275243081526
all,1.0,1.0,0.47900712965407977
entity,0.9839228295819936,0.9839228295819936,0.47612958226768964
entity,0.9288793103448276,0.9288793103448276,0.43859229111802733
atom,1.0,1.0,0.4343598055105349
entity,0.978125,0.978125,0.43692952266945984
all,1.0,1.0,0.47734627831715215
atom,1.0,1.0,0.454791037660893
token,0.7766497461928934,0.7766497461928934,0.39475253428741797
atom,1.0,1.0,0.4503885236102809
entity,0.5109375,0.5109375,0.3076535115370067
entity,0.584375,0.584375,0.2661182151479925
atom,1.0,1.0,0.4650630011454754
token,0.9451219512195121,0.9471544715447154,0.4312808521693946
atom,1.0,1.0,0.44669057711118354
atom,1.0,1.0,0.2948717948717948
entity,0.08086785009861933,0.08086785009861933,0.027293995321029385
token,0.9265625,0.9265625,0.42498586772187674
entity,0.9593908629441624,0.9593908629441624,0.459114139693356
atom,1.0,1.0,0.36042944785276076
atom,0.9379310344827586,0.9379310344827586,0.4599941809717777
entity,0.99375,0.99375,0.4744224422442245
entity,0.8816793893129771,0.8816793893129771,0.48875802997858675
entity,0.2441860465116279,0.2441860465116279,0.19132369299221352
all,1.0,1.0,0.49921752738654146
entity,0.978125,0.978125,0.445095168374817
entity,0.378125,0.378125,0.1273937253836751
entity,0.04462809917355372,0.04462809917355372,0.0
token,0.7400662251655629,1.0,0.47679324894514763
atom,1.0,1.0,0.41909005628517826
entity,0.0203125,0.0203125,0.0
atom,1.0,1.0,0.4235629841011007
atom,1.0,1.0,0.3792147806004619
entity,0.112,0.112,0.3349514563106796
token,0.5210727969348659,0.5210727969348659,0.30581613508442773
token,0.5648854961832062,0.5648854961832062,0.26363636363636367
token,0.3921875,0.6625,0.34110849561309653
token,0.48484848484848486,0.5227272727272727,0.35351270553064273
all,1.0,1.0,0.476990185387132
atom,1.0,1.0,0.46975088967971534
all,1.0,1.0,0.40959894806048647
entity,0.04741379310344827,0.04741379310344827,0.049557098395977994
token,0.8356807511737089,0.9937402190923318,0.45881609437539495
token,0.3045356371490281,0.3045356371490281,0.15441176470588236
atom,1.0,1.0,0.4087546239210851
entity,0.0671875,0.0671875,0.0
token,0.6166666666666667,0.6666666666666666,0.47113163972286376
entity,0.646875,0.646875,0.34921190893169873
entity,0.9609375,0.9609375,0.4645239539114615
all,0.975,0.975,0.508174118573961
atom,1.0,1.0,0.4423433772201113
entity,0.6375,0.6375,0.33787375415282395
atom,1.0,1.0,0.34732998630762213
atom,1.0,1.0,0.4650630011454754
token,0.7953125,0.8125,0.3222081619740589
entity,0.9950819672131147,0.9950819672131147,0.49118607181719265
atom,1.0,1.0,0.44141088689163976
atom,1.0,1.0,0.42981243830207305
atom,1.0,1.0,0.44452480833212793
atom,1.0,1.0,0.3849270664505673
atom,0.9538461538461539,0.9538461538461539,0.4492325855962219
token,0.346875,0.703125,0.34804413239719156
atom,1.0,1.0,0.32990069878631845
token,0.5046875,0.5046875,0.2875439968713336
atom,1.0,1.0,0.4316951721151765
token,0.2803738317757009,0.5327102803738317,0.0
atom,1.0,1.0,0.3307204180664427
all,0.95625,0.95625,0.5008064516129032
token,0.3710843373493976,0.3710843373493976,0.18379505510872807
atom,1.0,1.0,0.37936507936507935
all,1.0,1.0,0.49682107175295187
token,0.523972602739726,0.523972602739726,0.272231066636343
atom,1.0,1.0,0.37373991935483875
atom,1.0,1.0,0.44481259059846756
entity,0.034552845528455285,0.034552845528455285,0.04234866199012732
atom,1.0,1.0,0.4487497184050462
atom,1.0,1.0,0.35765317168218225
token,0.9156414762741653,0.9156414762741653,0.448021722265322
token,0.8591836734693877,0.8591836734693877,0.4081987577639752
entity,0.13043478260869565,0.13043478260869565,0.0
entity,0.7150837988826816,0.7150837988826816,0.3627118644067797
entity,0.026168224299065422,0.026168224299065422,0.022683858643744004
entity,0.8046875,0.8046875,0.4268278371083206
all,1.0,1.0,0.46777546777546775
atom,1.0,1.0,0.37815597531325973
atom,1.0,1.0,0.4019349164467898
entity,0.259375,0.259375,0.12958088681919422
entity,0.1859375,0.1859375,0.08524651863003385
all,1.0,1.0,0.4652094717668488
entity,0.5151515151515151,0.5151515151515151,0.29034635224760497
entity,0.0140625,0.0140625,0.0
entity,0.001607717041800643,0.001607717041800643,0.0
token,0.7850467289719626,0.7850467289719626,0.3885670142912321
atom,1.0,1.0,0.43870226815963254
atom,1.0,1.0,0.376545842217484
entity,0.0078125,0.0078125,0.008960915157292693
entity,0.878125,0.878125,0.48253615127919913
entity,0.9796875,0.9796875,0.4943842759727236
all,1.0,1.0,0.44064227428270597
token,0.80625,0.80625,0.42407444070481093
entity,0.9515625,0.9515625,0.4618289279264488
atom,0.971875,0.971875,0.46020488573680063
atom,0.914179104477612,0.914179104477612,0.4095435684647303
entity,0.9073634204275535,0.9073634204275535,0.44243859129920093
entity,0.9453125,0.9453125,0.44147339699863575
atom,1.0,1.0,0.39472374315579895
atom,1.0,1.0,0.4646288209606987
atom,0.676923076923077,0.676923076923077,0.3791946308724832
entity,0.9948186528497409,0.9948186528497409,0.48689138576779023
entity,0.815625,0.815625,0.41174683544303803
token,0.225,0.2421875,0.109375
token,0.6060606060606061,0.6730462519936204,0.34216772151898733
atom,1.0,1.0,0.4736842105263158
entity,0.9796875,0.9796875,0.4582215408202377
entity,0.13333333333333333,0.13333333333333333,0.12378640776699024
token,0.56,0.56,0.2757499096494398
token,0.678125,0.709375,0.32011038289065197
token,0.5172955974842768,0.9072327044025157,0.4785194976867151
atom,1.0,1.0,0.38467317806160783
token,0.865625,0.865625,0.40317204918974825
entity,0.04741379310344827,0.04741379310344827,0.049557098395977994
atom,1.0,1.0,0.3944801826105001
token,0.1388235294117647,0.1388235294117647,0.06829573934837097
token,0.1234375,0.1234375,0.07187311784782169
atom,1.0,1.0,0.46601941747572817
atom,1.0,1.0,0.4565217391304348
all,0.676923076923077,0.676923076923077,0.3791946308724832
all,1.0,1.0,0.4966105950288727
all,0.9478458049886621,0.9478458049886621,0.485994802194629
atom,1.0,1.0,0.44404332129963897
entity,0.9433962264150944,0.9433962264150944,0.4234581497797357
entity,0.8453125,0.8453125,0.41286530341915717
entity,0.63125,0.63125,0.3370113063615311
atom,1.0,1.0,0.344161545215101
entity,0.965625,0.965625,0.45794060110261425
entity,0.9604743083003953,0.9604743083003953,0.48206388206388207
atom,1.0,1.0,0.45766871165644174
atom,1.0,1.0,0.44980879541108987
token,0.901453957996769,0.9579967689822294,0.43024585477415667
entity,0.4504347826086956,0.4504347826086956,0.2216654736339776
atom,1.0,1.0,0.46102883865939204
atom,1.0,1.0,0.4116709818761203
atom,1.0,1.0,0.4541422742593578
all,1.0,1.0,0.4986290638464551
atom,1.0,1.0,0.40712945590994376
entity,0.02926829268292683,0.02926829268292683,0.17629179331306988
all,1.0,1.0,0.4386803015600508
token,0.6987654320987654,0.8444444444444444,0.42604943114947036
atom,1.0,1.0,0.44127898166388846
all,1.0,1.0,0.4333198216457236
all,1.0,1.0,0.45749704840613936
all,1.0,1.0,0.4863530778164924
atom,1.0,1.0,0.3520561685055166
all,1.0,1.0,0.48325178773052313
entity,0.0515625,0.0515625,0.054280155642023376
atom,1.0,1.0,0.4396833591464464
atom,1.0,1.0,0.4243337195828505
atom,1.0,1.0,0.41882920941460466
atom,1.0,1.0,0.43126308443824146
atom,1.0,1.0,0.3711340206185567
entity,0.915625,0.915625,0.4599436908113642
atom,1.0,1.0,0.4263754045307443
all,1.0,1.0,0.47856267864434465
token,0.4609375,0.4609375,0.24091627172195895
token,0.6984375,0.6984375,0.2970412234042553
all,1.0,1.0,0.47615624251138267
token,0.25,0.42857142857142855,0.40173410404624277
entity,0.5109375,0.5109375,0.25479545068748943
atom,1.0,1.0,0.3952601922439509
token,0.7625,0.9546875,0.457998825141962
entity,0.2734375,0.2734375,0.0615666249156952
token,0.8109375,0.8109375,0.418013856812933
entity,0.23255813953488372,0.23255813953488372,0.12281926029309143
token,0.37018425460636517,0.542713567839196,0.29542302357836336
entity,0.6389776357827476,0.6389776357827476,0.3497177798682972
atom,0.7789473684210526,0.7789473684210526,0.4224326292789512
token,0.9403747870528109,1.0,0.49023013460703435
entity,0.8171875,0.8171875,0.3639455782312925
all,1.0,1.0,0.44489508023276314
token,0.9296875,0.9984375,0.4946025515210991
atom,0.9284578696343402,0.9284578696343402,0.4382364892320195
atom,1.0,1.0,0.32384488448844884
token,0.7264957264957265,0.8888888888888888,0.4115368058544985
token,0.19451371571072318,0.19451371571072318,0.08543936934848129
token,0.3375,0.3375,0.17741935483870963
token,0.8633093525179856,0.8776978417266187,0.34915014164305946
all,1.0,1.0,0.48874388254486134
token,0.9029850746268657,0.9029850746268657,0.48079785650491214
atom,1.0,1.0,0.45505136986301364
token,0.2390625,0.478125,0.23827629911280102
atom,1.0,1.0,0.4525125628140704
entity,0.9839228295819936,0.9839228295819936,0.47612958226768964
entity,0.1183206106870229,0.1183206106870229,0.0
atom,0.6515151515151515,0.6515151515151515,0.41629297458893877
all,1.0,1.0,0.48363095238095233
token,0.7077922077922078,0.7077922077922078,0.3657337367624811
token,0.8851851851851852,0.8851851851851852,0.4355828220858896
entity,0.7777777777777778,0.7777777777777778,0.45590994371482174
entity,0.13176470588235295,0.13176470588235295,0.04170390229371468
atom,1.0,1.0,0.4311111111111111
atom,1.0,1.0,0.4147820004663092
token,0.6703470031545742,0.6703470031545742,0.31539851435454724
atom,1.0,1.0,0.42515274949083504
atom,0.9593908629441624,0.9593908629441624,0.44999999999999996
token,0.2193211488250653,0.2193211488250653,0.11262798634812288
entity,0.9257142857142857,0.9257142857142857,0.4547960308710033
token,0.9109375,0.9109375,0.4280701754385965
entity,0.5283911671924291,0.5283911671924291,0.25444126074498563
atom,1.0,1.0,0.4439902676399027
atom,1.0,1.0,0.37209302325581395
token,0.8985507246376812,1.0,0.46036585365853655
entity,0.6703125,0.6703125,0.30743772861870755
entity,0.9671875,0.9671875,0.4436941410129096
atom,1.0,1.0,0.4723212610245825
all,1.0,1.0,0.4961948249619482
atom,1.0,1.0,0.4095219280916633
atom,1.0,1.0,0.42025635637739023
atom,0.9564164648910412,0.9564164648910412,0.44907683144729005
atom,1.0,1.0,0.40234375
entity,0.0875,0.0875,0.08841059602649004
entity,0.7777777777777778,0.7777777777777778,0.45590994371482174
atom,1.0,1.0,0.4581673306772909
entity,0.3921875,0.3921875,0.18931475029036005
token,0.709375,0.709375,0.32921716594252615
entity,0.859375,0.859375,0.4170625494853524
entity,0.9920318725099602,0.9920318725099602,0.49475262368815587
token,0.8178137651821862,0.9959514170040485,0.49377777777777776
entity,0.026490066225165563,0.026490066225165563,0.03372189841798501
entity,0.59375,0.59375,0.2676056338028169
atom,0.9671875,0.9671875,0.45307830245068736
atom,1.0,1.0,0.3047874535699546
token,0.815625,1.0,0.4771241830065359
atom,0.9685863874345549,0.9685863874345549,0.46025602857993453
entity,0.009389671361502348,0.009389671361502348,0.0
token,0.8712715855572999,0.967032967032967,0.4496124031007752
token,0.5795644891122278,0.7788944723618091,0.3881906568650699
atom,1.0,1.0,0.3870967741935484
entity,0.0703125,0.0703125,0.035790702198015945
entity,0.05154639175257732,0.05154639175257732,0.0
token,0.5484375,0.5484375,0.24532627865961198
token,0.8693693693693694,1.0,0.5011235955056179
token,0.3640625,0.6453125,0.3727364185110664
token,0.4381443298969072,0.5824742268041238,0.32298301486199577
all,1.0,1.0,0.48076175670423626
all,1.0,1.0,0.4403963858933255
entity,0.990625,0.990625,0.46975385899040467
atom,1.0,1.0,0.46509803921568627
token,0.29431438127090304,0.43478260869565216,0.17757398916215095
entity,0.10677618069815195,0.10677618069815195,0.05174644243208282
atom,1.0,1.0,0.4405186858017047
entity,0.9859375,0.9859375,0.48152359295054004
token,0.925,0.925,0.4501201923076923
all,1.0,1.0,0.5032847300112162
atom,1.0,1.0,0.39707149009474596
token,0.7859375,0.94375,0.47834456207892206
all,1.0,1.0,0.477914740626605
atom,1.0,1.0,0.4619793656858999
entity,0.7897727272727273,0.7897727272727273,0.29625610417797066
token,0.648936170212766,0.776595744680851,0.37777777777777777
atom,1.0,1.0,0.4426966292134832
token,0.8125,1.0,0.46031746031746035
atom,1.0,1.0,0.45567945567945567
entity,0.03125,0.03125,0.040947867298578244
entity,0.815625,0.815625,0.42081350064906964
atom,0.9593908629441624,0.9593908629441624,0.427027027027027
token,0.8494623655913979,0.8494623655913979,0.37326732673267327
atom,1.0,1.0,0.4241941902109033
entity,0.9857594936708861,0.9857594936708861,0.46122361051271
entity,0.08125,0.08125,0.02669381291709083
entity,0.34375,0.34375,0.40234375
entity,0.9146341463414634,0.9146341463414634,0.45933406113537123
entity,0.8018867924528302,0.8018867924528302,0.42440912795436025
entity,0.9983552631578947,0.9983552631578947,0.5071283095723014
entity,0.003125,0.003125,0.000656838417749217
entity,0.0109375,0.0109375,0.012718600953895098
entity,0.010245901639344262,0.010245901639344262,0.011682823763360717
token,0.603125,0.8859375,0.39294926913155637
all,0.9828125,0.9828125,0.49834146341463414
token,0.8942148760330578,0.9338842975206612,0.44183198628459464
token,0.446875,0.7625,0.3698744769874477
token,0.890625,0.959375,0.4743752647183397
token,0.5644599303135889,0.5644599303135889,0.3256552819698173
all,1.0,1.0,0.4925643815741748
token,0.3,0.59375,0.289795151287352
token,0.896875,0.896875,0.4201666383268152
entity,0.5234375,0.5234375,0.26976208749040675
entity,0.4324786324786325,0.4324786324786325,0.24122340425531918
atom,1.0,1.0,0.22261705685618727
entity,0.78125,0.78125,0.3843530591775326
atom,1.0,1.0,0.34349793429077313
atom,1.0,1.0,0.45962732919254656
entity,0.7921875,0.7921875,0.39880723355136594
all,1.0,1.0,0.5220282626766417
atom,1.0,1.0,0.4227557411273486
atom,1.0,1.0,0.4392238614496472
entity,0.2801418439716312,0.2801418439716312,0.08612836438923399
token,0.48125,0.7578125,0.3184357541899442
entity,0.7870967741935484,0.7870967741935484,0.4662885948330183
token,0.8115449915110357,0.8115449915110357,0.40984393757503
atom,1.0,1.0,0.4220475785896347
entity,0.7777777777777778,0.7777777777777778,0.45590994371482174
token,0.6617647058823529,0.6617647058823529,0.30641200545702596
atom,1.0,1.0,0.4698679931126841
entity,0.840625,0.840625,0.427992277992278
atom,1.0,1.0,0.44532786184491746
token,0.692429022082019,0.692429022082019,0.32354715463502914
atom,0.8296875,0.8296875,0.4359756097560976
atom,0.9097744360902256,0.9097744360902256,0.36828644501278773
token,0.4788135593220339,0.902542372881356,0.4041714947856315
all,1.0,1.0,0.4998052201012856
all,1.0,1.0,0.37209302325581395
atom,0.9376443418013857,0.9376443418013857,0.4567685589519651
entity,0.004048582995951417,0.004048582995951417,0.0
entity,0.053125,0.053125,0.0
entity,0.965625,0.965625,0.49012421095499903
token,0.6713615023474179,0.8826291079812206,0.40781507980187126
entity,0.2234375,0.2234375,0.0742813533452048
token,0.2328125,0.465625,0.2309197651663405
atom,1.0,1.0,0.42320028510334995
all,1.0,1.0,0.4444444444444444
entity,0.1676829268292683,0.1676829268292683,0.10601209533973677
atom,1.0,1.0,0.4413675577803813
token,0.610410094637224,0.9242902208201893,0.4554494828957836
all,1.0,1.0,0.49872723712551403
atom,1.0,1.0,0.3640522875816994
token,0.5822784810126582,0.5822784810126582,0.269694819020582
all,1.0,1.0,0.4950933230710025
token,0.090625,0.628125,0.3187815289095848
token,0.346072186836518,0.6114649681528662,0.42025635637739023
atom,1.0,1.0,0.44421614957879596
entity,0.0546875,0.0546875,0.042210440456770026
atom,1.0,1.0,0.38472762645914393
token,0.4775641025641026,0.4775641025641026,0.24144749851690728
atom,1.0,1.0,0.44927758991699973
atom,1.0,1.0,0.44436405729995654
token,0.4390625,0.9890625,0.4496587030716723
token,0.8890625,0.9,0.4393568682278923
token,0.715625,1.0,0.46921003524777105
atom,1.0,1.0,0.46485061511423553
token,0.7516556291390728,1.0,0.485445205479452
entity,0.409375,0.409375,0.19486081370449682
all,1.0,1.0,0.4914580850218514
entity,0.996875,0.996875,0.493191019506809
entity,0.12126537785588752,0.12126537785588752,0.0
entity,0.1796875,0.1796875,0.08188585607940446
atom,1.0,1.0,0.36764705882352944
entity,0.0026246719160104987,0.0026246719160104987,0.0
atom,1.0,1.0,0.4605714285714285
token,0.325,0.8,0.35922330097087374
entity,0.9578125,0.9578125,0.46820925553319914
all,1.0,1.0,0.49276798097879926
entity,0.6204013377926422,0.6204013377926422,0.4161833747583541
token,0.85625,0.85625,0.4242070116861436
atom,1.0,1.0,0.3925125434195291
entity,0.05263157894736842,0.05263157894736842,0.0706482155863074
token,0.4804088586030664,0.555366269165247,0.27924850555081127
atom,1.0,1.0,0.3867138692211578
all,1.0,1.0,0.4985324947589098
atom,0.9637681159420289,0.9637681159420289,0.41013824884792627
token,0.534375,0.534375,0.321900033848584
atom,1.0,1.0,0.45579041381363505
token,0.61875,0.790625,0.36146866427516355
all,1.0,1.0,0.4508421464943204
all,0.42857142857142855,0.42857142857142855,0.40173410404624277
atom,1.0,1.0,0.44021483086780366
token,0.8671875,0.953125,0.45826612903225805
atom,0.9299065420560748,0.9299065420560748,0.4495249406175772
atom,1.0,1.0,0.46601941747572817
atom,1.0,1.0,0.434961017644645
atom,0.25925925925925924,0.25925925925925924,0.39181286549707606
atom,1.0,1.0,0.3178845075686787
all,1.0,1.0,0.49424288507495107
token,0.5484375,0.5484375,0.2571161194728223
entity,0.21176470588235294,0.21176470588235294,0.0
entity,0.0671875,0.0671875,0.061750998668442025
token,0.15645161290322582,0.36451612903225805,0.1487334417848013
atom,1.0,1.0,0.29958582604693973
atom,1.0,1.0,0.4643928035982009
token,0.8281505728314239,0.9034369885433715,0.48147301006404386
atom,1.0,1.0,0.42511094674556216
atom,1.0,1.0,0.42838874680306904
atom,1.0,1.0,0.2787655834866135
token,0.51875,0.625,0.2928555124400821
atom,1.0,1.0,0.3840271877655055
all,1.0,1.0,0.4428606337053026
atom,1.0,1.0,0.41720036596523336
all,1.0,1.0,0.4539571926331508
all,1.0,1.0,0.5040231070765422
entity,0.225,0.225,0.11415168100078188
token,0.1125,0.1125,0.055740922473012766
token,0.4375,0.7296875,0.27061279260474136
atom,1.0,1.0,0.40778210116731517
token,0.825426944971537,0.855787476280835,0.44350823439295284
token,0.946875,0.9546875,0.47065916398713825
atom,1.0,1.0,0.4769312356372636
entity,0.9966499162479062,0.9966499162479062,0.4981388219837968
entity,0.915625,0.915625,0.4846354689696726
atom,1.0,1.0,0.43743296388988206
entity,0.003125,0.003125,0.0
entity,0.027287319422150885,0.027287319422150885,0.0
token,0.6859375,0.7859375,0.3884978885984315
atom,0.9842022116903634,0.9842022116903634,0.3953049109552078
entity,0.5625,0.5625,0.26773455377574373
token,0.746875,0.93125,0.4242939052877469
atom,1.0,1.0,0.36908631274828463
entity,0.013245033112582781,0.013245033112582781,0.0
token,0.7753743760399334,0.8469217970049917,0.4757329391475733
entity,0.6138933764135702,0.6138933764135702,0.32855464159811987
entity,0.050314465408805034,0.050314465408805034,0.0
atom,0.6923076923076923,0.6923076923076923,0.45934530095036963
token,0.8639455782312925,0.9682539682539683,0.42031954117165093
atom,1.0,1.0,0.4362724613455913
all,1.0,1.0,0.48981510498276404
token,0.6328125,0.6328125,0.3187975505659677
atom,1.0,1.0,0.3579290664492458
entity,0.9204152249134948,0.9204152249134948,0.4844333748443338
token,0.746875,0.8421875,0.36754855994641666
atom,1.0,1.0,0.458395403277293
entity,0.006578947368421052,0.006578947368421052,0.0
atom,1.0,1.0,0.4700639410966867
token,0.6609375,0.8359375,0.38743123148539993
entity,0.1439873417721519,0.1439873417721519,0.03568464730290455
atom,1.0,1.0,0.445442123755612
atom,0.9299065420560748,0.9299065420560748,0.46229216152019004
token,0.6125,0.9984375,0.5048972536969465
atom,1.0,1.0,0.41911330049261086
all,1.0,1.0,0.48978805394990366
atom,1.0,1.0,0.4416212196331185
entity,0.5578947368421052,0.5578947368421052,0.460093896713615
token,0.6,1.0,0.4513501928846978
atom,0.9540983606557377,0.9540983606557377,0.4073992024811697
entity,0.05714285714285714,0.05714285714285714,0.03948605452836107
atom,1.0,1.0,0.4632183908045977
token,0.425,0.5515625,0.29833333333333334
atom,0.96875,0.96875,0.4424761146496815
token,0.5894206549118388,0.8110831234256927,0.3906309029089535
atom,1.0,1.0,0.3729040912139504
token,0.26877470355731226,0.26877470355731226,0.1267813267813268
atom,1.0,1.0,0.46509803921568627
all,1.0,1.0,0.495631214221151
atom,1.0,1.0,0.46509803921568627
entity,0.4230769230769231,0.4230769230769231,0.19458128078817738
all,1.0,1.0,0.49376017362995117
atom,0.9683377308707124,0.9683377308707124,0.4567938021454112
all,1.0,1.0,0.44641439534268323
atom,0.9379310344827586,0.9379310344827586,0.4515565900494617
token,0.9476635514018692,0.9476635514018692,0.46370582617000955
atom,1.0,1.0,0.4138641043239534
all,1.0,1.0,0.4664612467409339
all,1.0,1.0,0.4933909506863243
entity,0.221875,0.221875,0.10276442307692313
token,0.83125,0.83125,0.3785934291581109
all,1.0,1.0,0.49787127473077886
atom,1.0,1.0,0.44261501210653753
atom,1.0,1.0,0.4393134764873393
token,0.4513888888888889,0.6336805555555556,0.18172268907563027
entity,0.465625,0.465625,0.17702819155484428
token,0.478125,0.478125,0.2122552574329224
atom,1.0,1.0,0.40234375
atom,1.0,1.0,0.464154558518282
entity,0.4796875,0.4796875,0.1597523219814242
token,0.36764705882352944,0.5784313725490197,0.3001419110690634
all,1.0,1.0,0.4474956664537907
token,0.521505376344086,1.0,0.46509803921568627
token,0.278125,0.278125,0.1233125272173029
token,0.6366612111292962,0.6366612111292962,0.32368148914167527
token,0.3453125,0.3453125,0.15739221244219004
atom,1.0,1.0,0.4385171790235082
token,0.7390625,0.84375,0.40446388176745585
atom,0.9671875,0.9671875,0.4539303482587065
token,0.5130718954248366,0.7794117647058824,0.4578341555085741
token,0.5578125,0.9828125,0.4478344356731385
entity,0.22727272727272727,0.22727272727272727,0.09171075837742504
token,0.8140625,0.896875,0.43938814531548753
atom,1.0,1.0,0.40338600451467266
token,0.71875,0.9484375,0.444947209653092
entity,0.03125,0.03125,0.0
token,0.3333333333333333,0.5238095238095238,0.36274509803921573
entity,0.3125,0.3125,0.16177624352738118
entity,0.934375,0.934375,0.4850856780198858
atom,1.0,1.0,0.3157467532467533
token,0.45750452079566006,0.6401446654611211,0.4489947877885332
atom,1.0,1.0,0.46117114852978136
atom,1.0,1.0,0.4391866210566324
token,0.7727272727272727,0.7727272727272727,0.37370242214532867
atom,0.981042654028436,0.981042654028436,0.3863096523429065
token,0.3941368078175896,0.3941368078175896,0.21541081311196253
all,0.9593908629441624,0.9593908629441624,0.48378378378378384
token,0.7953125,0.7953125,0.3978260869565218
entity,0.9924433249370277,0.9924433249370277,0.48281072912731393
token,0.2006172839506173,0.4012345679012346,0.270391061452514
atom,1.0,1.0,0.46100439713029395
all,0.9828125,0.9828125,0.5061640164373772
token,0.4618320610687023,0.8587786259541985,0.4764453961456103
token,0.3515625,0.3515625,0.20051386361203294
entity,0.8421052631578947,0.8421052631578947,0.3846736045411542
atom,1.0,1.0,0.4769260106788711
token,0.717948717948718,0.9529914529914529,0.4739560912613
token,0.1986754966887417,0.3973509933774834,0.2087240114145944
entity,0.855072463768116,0.855072463768116,0.4115606936416185
entity,0.9734375,0.9734375,0.44998140572703604
entity,0.3703125,0.3703125,0.18560687432867884
token,0.6535796766743649,0.6535796766743649,0.3673944687045124
entity,0.9875,0.9875,0.4830605253140464
token,0.8393351800554016,0.8393351800554016,0.39187525646286414
entity,0.9113300492610837,0.9113300492610837,0.5009874917709018
atom,1.0,1.0,0.4414483821263482
token,0.80625,1.0,0.5079761675956179
token,0.6123188405797102,1.0,0.46036585365853655
entity,0.12343470483005367,0.12343470483005367,0.0
token,0.9234375,0.946875,0.4662094008472867
entity,0.9984375,0.9984375,0.4703433922996878
entity,0.94375,0.94375,0.4938757655293088
token,0.075,0.075,0.03276699029126218
token,0.7222222222222222,0.9401709401709402,0.48299612569952644
entity,0.8344827586206897,0.8344827586206897,0.4477742217049753
all,0.9017857142857143,0.9017857142857143,0.48388042203985937
atom,1.0,1.0,0.4211748316693754
all,1.0,1.0,0.4677044609665427
token,0.915625,0.9640625,0.47476038338658144
token,0.8989010989010989,0.8989010989010989,0.4261510128913444
token,0.9609375,0.9953125,0.4933128699846525
token,0.690625,0.7,0.2439551533162232
entity,0.925,0.925,0.48054181896366377
atom,1.0,1.0,0.37734241908006816
token,0.896551724137931,0.9655172413793104,0.47689729470912134
entity,0.003125,0.003125,0.0
entity,0.8777120315581854,0.8777120315581854,0.45230049389134386
entity,0.9204152249134948,0.9204152249134948,0.4844333748443338
atom,1.0,1.0,0.4470922994842611
all,1.0,1.0,0.46925783213268557
atom,1.0,1.0,0.41225201656856336
all,1.0,1.0,0.49312123817712816
all,1.0,1.0,0.4428726877040261
atom,1.0,1.0,0.4648212226066898
all,1.0,1.0,0.48671904227459784
atom,1.0,1.0,0.44397206194959005
token,0.9120521172638436,0.988599348534202,0.4806282722513089
entity,0.1460101867572156,0.1460101867572156,0.0
token,0.5,1.0,0.4444444444444444
entity,0.4796875,0.4796875,0.2241560075487523
token,0.6453125,0.890625,0.4427192614351657
atom,1.0,1.0,0.4501414427157001
token,0.26875,0.359375,0.1849529780564263
atom,1.0,1.0,0.43189798558491965
token,0.5629496402877698,0.7482014388489209,0.35643030466433
entity,0.00625,0.00625,0.004000800160032014
atom,1.0,1.0,0.45508141493542953
token,0.725,0.7953125,0.38917262512768136
token,0.4651600753295669,0.4651600753295669,0.19580569227476996
token,0.8828125,0.8828125,0.43544690603514136
atom,1.0,1.0,0.4443869632695292
atom,1.0,1.0,0.4208906217935563
entity,0.04040404040404041,0.04040404040404041,0.0
entity,0.0296875,0.0296875,0.0
entity,0.9763406940063092,0.9763406940063092,0.4438867697249548
atom,0.9685863874345549,0.9685863874345549,0.45876749032450137
entity,0.471875,0.471875,0.17422385620915037
entity,0.06956521739130435,0.06956521739130435,0.0
atom,1.0,1.0,0.38133677752663864
atom,1.0,1.0,0.431773105910353
entity,0.030797101449275364,0.030797101449275364,0.03963133640552996
atom,0.9671875,0.9671875,0.44881244881244886
token,0.7557603686635944,0.7557603686635944,0.35105701473414475
all,0.9640625,0.9640625,0.4393447573035404
token,0.8546875,0.8546875,0.39010574018126887
token,0.5765625,0.7890625,0.3981264637002342
token,0.4906832298136646,0.7391304347826086,0.20775805391190005
entity,0.8130841121495327,0.8130841121495327,0.0
atom,1.0,1.0,0.45501506672406367
entity,0.953125,0.953125,0.4552932761087267
token,0.40032414910858993,0.5948136142625607,0.30967990744311613
entity,0.9465408805031447,0.9465408805031447,0.42725008893632155
atom,0.64,0.64,0.4185185185185185
token,0.321875,0.6125,0.3024169777952447
atom,1.0,1.0,0.41536433816607043
entity,0.4264705882352941,0.4264705882352941,0.0
token,0.4626391096979332,0.699523052464229,0.34083536090835365
entity,0.05,0.05,0.04914777428429584
token,0.5156794425087108,0.5156794425087108,0.26806989674344717
atom,0.9828125,0.9828125,0.46923800564440266
all,1.0,1.0,0.44982878489156375
atom,1.0,1.0,0.4327800829875519
token,0.7421875,0.7984375,0.3888003188521323
atom,1.0,1.0,0.46031746031746035
entity,0.803125,0.803125,0.4006217616580311
token,0.7419354838709677,1.0,0.4447368421052632
entity,0.434375,0.434375,0.22990126939351196
all,1.0,1.0,0.48776567244150737
token,0.90625,0.90625,0.4189075950331378
atom,1.0,1.0,0.43446555363653805
token,0.4953125,0.628125,0.2601563697685114
entity,0.9925233644859813,0.9925233644859813,0.47468958930276983
atom,0.6923076923076923,0.6923076923076923,0.4493136219640972
atom,1.0,1.0,0.44265167554939033
token,0.6196213425129088,0.6196213425129088,0.31474738279472003
token,0.990625,0.99375,0.48306273802365207
entity,0.5078125,0.5078125,0.2496310352097828
entity,0.19047619047619047,0.19047619047619047,0.36274509803921573
token,0.4126984126984127,0.4126984126984127,0.20613853172957275
entity,0.1226890756302521,0.1226890756302521,0.03149506703769289
entity,0.99375,0.99375,0.4847193924800889
atom,1.0,1.0,0.4666666666666667
entity,0.85,0.85,0.44913249211356465
all,1.0,1.0,0.48151158065826904
entity,0.6714060031595577,0.6714060031595577,0.3052357158374973
atom,1.0,1.0,0.44288608383980055
entity,0.30625,0.30625,0.1498464687819857
token,0.5619047619047619,1.0,0.34883720930232553
all,1.0,1.0,0.4926896551724138
token,0.40625,0.51875,0.1933382679496669
token,0.159375,0.2640625,0.12517385257301805
entity,0.22580645161290322,0.22580645161290322,0.4023668639053254
entity,0.9812206572769953,0.9812206572769953,0.4744525547445255
all,0.6923076923076923,0.6923076923076923,0.48152059134107705
token,0.5671875,1.0,0.4279329608938548
atom,1.0,1.0,0.4161114476075106
atom,1.0,1.0,0.4514586322333811
atom,1.0,1.0,0.45408163265306123
all,1.0,1.0,0.4757321318861356
token,0.7098901098901099,0.7098901098901099,0.35317672183662574
entity,0.9314285714285714,0.9314285714285714,0.46030871003307605
token,0.2361111111111111,0.34444444444444444,0.189703808180536
atom,1.0,1.0,0.45220665132817406
token,0.8807339449541285,0.9431192660550459,0.4504692387904067
entity,0.06929133858267716,0.06929133858267716,0.022160111798762205
atom,1.0,1.0,0.46218487394957986
entity,0.0515625,0.0515625,0.021509659430392403
atom,0.13170731707317074,0.13170731707317074,0.17629179331306988
all,1.0,1.0,0.48875802997858675
token,0.484375,1.0,0.4734677087618264
atom,1.0,1.0,0.4581404320987654
token,0.7380952380952381,0.9956709956709957,0.4915068493150685
token,0.86875,1.0,0.5020424042015172
token,0.7296587926509186,0.9973753280839895,0.5043988269794721
atom,0.64,0.64,0.4185185185185185
token,0.734375,1.0,0.40234375
token,0.1921875,0.4328125,0.2258371385083714
atom,1.0,1.0,0.37302284710017575
atom,1.0,1.0,0.39742690058479535
atom,1.0,1.0,0.41642350979574827
token,0.17391304347826086,0.43478260869565216,0.17831325301204815
atom,1.0,1.0,0.35012042916575437
token,0.3234375,0.3234375,0.1601066010660107
token,0.759493670886076,0.759493670886076,0.3466192170818505
all,1.0,1.0,0.46601941747572817
atom,1.0,1.0,0.3830010493179433
entity,0.040625,0.040625,0.0
token,0.9,1.0,0.4444444444444444
token,0.5289514866979655,0.865414710485133,0.4278836089595981
token,0.7290322580645161,0.7290322580645161,0.49050949050949055
token,0.6734375,0.6734375,0.33754617927279795
token,0.6390625,0.6828125,0.3274014155712841
entity,0.11320754716981132,0.11320754716981132,0.04376108811354229
token,0.7177033492822966,0.7177033492822966,0.3284671532846716
atom,0.9338582677165355,0.9338582677165355,0.4496878442893867
entity,0.4,0.4,0.19797904191616766
token,0.7359375,0.7359375,0.3600875592849325
token,0.6724137931034483,0.6724137931034483,0.3765230312035661
token,0.33518005540166207,0.33518005540166207,0.1725304465493911
token,0.240625,0.628125,0.2844556324732537
token,0.1375,0.228125,0.12980195657361016
atom,1.0,1.0,0.4034497265460665
all,0.971875,0.971875,0.4958292919495635
token,0.478125,0.478125,0.2554304560445809
token,0.8326693227091634,0.8326693227091634,0.43853073463268366
token,0.6179001721170396,0.8382099827882961,0.4723514211886305
entity,0.95625,0.95625,0.44180874722016306
all,0.2413793103448276,0.2413793103448276,0.40718562874251496
entity,0.012048192771084338,0.012048192771084338,0.015192135835567444
token,0.23344947735191637,0.32578397212543553,0.18939393939393945
token,0.4991596638655462,0.7327731092436974,0.3719593100398054
token,0.7953125,0.7953125,0.34365244536940687
all,1.0,1.0,0.4979407727005295
token,0.3788235294117647,0.3788235294117647,0.19956140350877194
entity,0.04067796610169491,0.04067796610169491,0.0
token,0.7171875,0.7171875,0.34787696422601133
token,0.390625,0.9875,0.4797136038186157
entity,0.8961038961038961,0.8961038961038961,0.4141452344931922
entity,0.9609375,0.9609375,0.44825018615040957
all,1.0,1.0,0.4402740325049195
atom,1.0,1.0,0.32093023255813957
token,0.55625,0.8,0.360188457008245
atom,1.0,1.0,0.41449814126394047
atom,1.0,1.0,0.4416483998246383
atom,1.0,1.0,0.42467652495378927
entity,0.334375,0.334375,0.14803293687099728
atom,1.0,1.0,0.36987607244995235
atom,0.9478908188585607,0.9478908188585607,0.463463751438435
token,0.8765625,0.9125,0.4414614452967299
entity,0.578125,0.578125,0.2954246935201401
token,0.9130434782608695,0.9565217391304348,0.4626506024096385
entity,0.9234375,0.9234375,0.45001952362358455
atom,0.9921875,0.9921875,0.46293406164650797
token,0.43478260869565216,0.43478260869565216,0.21818181818181814
token,0.8661417322834646,0.8677165354330708,0.4183275118142593
token,0.36875,0.36875,0.18311258278145692
atom,1.0,1.0,0.3969054826774302
entity,0.8502415458937198,0.8502415458937198,0.4115606936416185
entity,0.9047619047619048,0.9047619047619048,0.4416811258916522
atom,0.2903225806451613,0.2903225806451613,0.4023668639053254
token,0.8785714285714286,0.8785714285714286,0.45538720538720534
atom,1.0,1.0,0.4449083047562249
entity,0.525,0.525,0.4555665675586389
all,0.9453681710213777,0.9453681710213777,0.4846298619824341
all,1.0,1.0,0.4775168623532351
atom,1.0,1.0,0.45651348271933156
token,0.9063604240282686,0.9063604240282686,0.46005628924009523
all,1.0,1.0,0.48596410492406816
atom,1.0,1.0,0.44254713625044473
entity,0.3728813559322034,0.3728813559322034,0.0
atom,1.0,1.0,0.46528403967538323
token,0.7857142857142857,1.0,0.46489104116222757
token,0.5390625,0.621875,0.31321585903083704
entity,0.7877358490566038,0.7877358490566038,0.4146299034530747
token,0.41776315789473684,0.8355263157894737,0.4236252545824847
atom,1.0,1.0,0.43179487179487175
entity,0.7267857142857143,0.7267857142857143,0.48983099398453167
entity,0.9567307692307693,0.9567307692307693,0.5023570403771265
all,1.0,1.0,0.49232497192062896
token,0.18491921005385997,0.2459605026929982,0.0702490170380079
atom,1.0,1.0,0.4453666467014632
entity,0.05844155844155844,0.05844155844155844,0.0
atom,1.0,1.0,0.40234375
entity,0.9625,0.9625,0.47505241090146755
entity,0.050243111831442464,0.050243111831442464,0.03438760348121417
token,0.7659574468085106,0.7659574468085106,0.3505747126436781
all,1.0,1.0,0.5006906077348066
token,0.5314091680814941,0.5314091680814941,0.2576473003490043
token,0.8732394366197183,0.8732394366197183,0.4217568353694008
token,0.8046875,0.9765625,0.48078446909667194
all,1.0,1.0,0.46645299145299146
atom,0.9441747572815534,0.9441747572815534,0.44580152671755724
atom,1.0,1.0,0.3853148442827915
token,0.875,0.8773584905660378,0.40479006505026616
token,0.9296875,0.9453125,0.45741274415626
atom,0.971875,0.971875,0.45572755417956656
atom,1.0,1.0,0.4842454394693201
entity,0.0032626427406199023,0.0032626427406199023,0.0
all,1.0,1.0,0.45923109421208286
entity,0.0078125,0.0078125,0.006691449814126393
all,0.926829268292683,0.926829268292683,0.4848358953053594
entity,0.16393442622950818,0.16393442622950818,0.3735408560311284
atom,1.0,1.0,0.460431654676259
token,0.8203883495145631,0.8203883495145631,0.3712998712998713
atom,1.0,1.0,0.424015009380863
atom,0.8603351955307262,0.8603351955307262,0.4363636363636364
token,0.509375,0.509375,0.2619411539931219
token,0.37777777777777777,0.6666666666666666,0.17177914110429449
atom,1.0,1.0,0.43891585760517804
atom,1.0,1.0,0.38353362311429307
atom,1.0,1.0,0.34842967683204373
token,0.340625,0.6234375,0.2974389997983464
atom,1.0,1.0,0.425476603119584
all,1.0,1.0,0.4282115869017632
token,0.8465909090909091,1.0,0.46147032772364927
atom,1.0,1.0,0.408254599701641
token,0.44768856447688565,0.44768856447688565,0.0
token,0.7559523809523809,1.0,0.4659863945578231
token,0.8412162162162162,1.0,0.4813247011952191
token,0.7850746268656716,0.7850746268656716,0.4115026326447955
all,1.0,1.0,0.4729930624380575
entity,0.9990491283676703,0.9990491283676703,0.4854421634425582
entity,0.982089552238806,0.982089552238806,0.46848424212106055
token,0.6976744186046512,0.8697674418604651,0.45371348116860255
token,0.46774193548387094,0.7249575551782682,0.34785568413887
token,0.6308080808080808,0.6368686868686869,0.30654903830869495
token,0.4732824427480916,0.4732824427480916,0.23546344271732877
atom,1.0,1.0,0.20612830372947566
all,1.0,1.0,0.47244673034533435
atom,1.0,1.0,0.4167429094236048
atom,1.0,1.0,0.33397995473650177
all,1.0,1.0,0.4374441465594281
atom,1.0,1.0,0.3875502008032129
entity,0.8020111731843576,0.8020111731843576,0.34765257332178756
token,0.5873925501432665,1.0,0.4282115869017632
token,0.5873925501432665,1.0,0.4282115869017632
token,0.3922924901185771,0.3922924901185771,0.20061491160645661
token,0.3922924901185771,0.3922924901185771,0.20061491160645661
token,0.3922924901185771,0.3922924901185771,0.20061491160645661
token,0.5873925501432665,1.0,0.4282115869017632
token,0.5873925501432665,1.0,0.4282115869017632
entity,0.9990491283676703,0.9990491283676703,0.4854421634425582
token,0.8921348314606742,0.8921348314606742,0.4930217461863031
token,0.8921348314606742,0.8921348314606742,0.4930217461863031
token,0.8921348314606742,0.8921348314606742,0.4930217461863031
token,0.8921348314606742,0.8921348314606742,0.4930217461863031
token,0.8921348314606742,0.8921348314606742,0.4930217461863031
token,0.8921348314606742,0.8921348314606742,0.4930217461863031
token,0.5873925501432665,1.0,0.4282115869017632
token,0.5873925501432665,1.0,0.4282115869017632
token,0.5873925501432665,1.0,0.4282115869017632
token,0.5873925501432665,1.0,0.4282115869017632
token,0.5873925501432665,1.0,0.4282115869017632
token,0.5873925501432665,1.0,0.4282115869017632
entity,0.9990491283676703,0.9990491283676703,0.4854421634425582
token,0.9925,0.9925,0.487956204379562
token,0.9925,0.9925,0.487956204379562
token,0.9925,0.9925,0.487956204379562
token,0.6203125,0.8828125,0.4798735861610113
token,0.9925,0.9925,0.487956204379562
token,0.9925,0.9925,0.487956204379562
token,0.9925,0.9925,0.487956204379562
entity,0.8024691358024691,0.8024691358024691,0.4690522243713733
atom,1.0,1.0,0.46252676659528913
token,0.5920398009950248,0.5920398009950248,0.2991620843152658
token,0.8275862068965517,0.8275862068965517,0.4005449591280654
entity,0.03333333333333333,0.03333333333333333,0.0
atom,1.0,1.0,0.414760294410185
atom,0.8828125,0.8828125,0.41566866267465075
atom,1.0,1.0,0.41874999999999996
atom,1.0,1.0,0.44323790720631784
entity,0.15151515151515152,0.15151515151515152,0.11218765935747066
atom,0.9855072463768116,0.9855072463768116,0.4222648752399232
entity,0.878125,0.878125,0.48777802246201274
token,0.8585858585858586,0.8585858585858586,0.4432234432234432
entity,0.7860576923076923,0.7860576923076923,0.41232528589580686
token,0.3125,0.6328125,0.32649778850020106
entity,0.6986301369863014,0.6986301369863014,0.45813047711781885
entity,0.04728132387706856,0.04728132387706856,0.025008119519324468
atom,1.0,1.0,0.41496920890573186
atom,0.971875,0.971875,0.4554048499794492
atom,0.9821826280623608,0.9821826280623608,0.4288025889967637
atom,0.7341772151898734,0.7341772151898734,0.4528
entity,0.27884615384615385,0.27884615384615385,0.0
atom,1.0,1.0,0.4390595009596929
all,1.0,1.0,0.4771723122238586
atom,0.9665605095541401,0.9665605095541401,0.37427789601702643
atom,0.8491803278688524,0.8491803278688524,0.4
all,1.0,1.0,0.49717813051146387
all,0.9507829977628636,0.9507829977628636,0.4863254806390468
atom,1.0,1.0,0.3656406898057193
token,0.6368421052631579,0.6368421052631579,0.31421548545678
token,0.5320813771517997,0.7183098591549296,0.34132880492464446
atom,1.0,1.0,0.44910289271329185
token,0.7386569872958257,0.8493647912885662,0.44628099173553715
entity,0.005305039787798408,0.005305039787798408,0.0
atom,1.0,1.0,0.3853820598006644
entity,0.103125,0.103125,0.0943952802359882
token,0.6704361873990307,0.7802907915993538,0.4805325295151972
atom,1.0,1.0,0.3792235801581596
atom,1.0,1.0,0.4519092219020173
token,0.3828125,0.8546875,0.35545755237045207
all,1.0,1.0,0.4813608396670286
token,0.8237704918032787,0.8237704918032787,0.427120669056153
atom,1.0,1.0,0.4482758620689655
atom,0.9044289044289044,0.9044289044289044,0.46573107049608353
token,0.5466237942122186,0.6945337620578779,0.29845143125293294
token,0.6203125,0.8828125,0.4798735861610113
token,0.6203125,0.8828125,0.4798735861610113
token,0.9925,0.9925,0.487956204379562
token,0.8275862068965517,0.8275862068965517,0.4005449591280654
entity,0.03333333333333333,0.03333333333333333,0.0
atom,0.8828125,0.8828125,0.41566866267465075
entity,0.15151515151515152,0.15151515151515152,0.11218765935747066
atom,1.0,1.0,0.414760294410185
atom,1.0,1.0,0.41874999999999996
atom,1.0,1.0,0.44323790720631784
atom,0.9855072463768116,0.9855072463768116,0.4222648752399232
entity,0.878125,0.878125,0.48777802246201274
token,0.8585858585858586,0.8585858585858586,0.4432234432234432
entity,0.7860576923076923,0.7860576923076923,0.41232528589580686
entity,0.6986301369863014,0.6986301369863014,0.45813047711781885
token,0.3125,0.6328125,0.32649778850020106
atom,1.0,1.0,0.41496920890573186
atom,0.971875,0.971875,0.4554048499794492
entity,0.04728132387706856,0.04728132387706856,0.025008119519324468
atom,0.7341772151898734,0.7341772151898734,0.4528
atom,0.9665605095541401,0.9665605095541401,0.37427789601702643
entity,0.27884615384615385,0.27884615384615385,0.0
atom,0.9821826280623608,0.9821826280623608,0.4288025889967637
atom,1.0,1.0,0.4390595009596929
all,0.9507829977628636,0.9507829977628636,0.4863254806390468
token,0.6368421052631579,0.6368421052631579,0.31421548545678
all,1.0,1.0,0.4771723122238586
atom,0.8491803278688524,0.8491803278688524,0.4
all,1.0,1.0,0.49717813051146387
atom,1.0,1.0,0.3656406898057193
token,0.7386569872958257,0.8493647912885662,0.44628099173553715
atom,1.0,1.0,0.44910289271329185
entity,0.005305039787798408,0.005305039787798408,0.0
atom,1.0,1.0,0.3853820598006644
token,0.5320813771517997,0.7183098591549296,0.34132880492464446
entity,0.103125,0.103125,0.0943952802359882
token,0.8275862068965517,0.8275862068965517,0.4005449591280654
entity,0.03333333333333333,0.03333333333333333,0.0
atom,1.0,1.0,0.414760294410185
atom,1.0,1.0,0.41874999999999996
atom,0.8828125,0.8828125,0.41566866267465075
entity,0.15151515151515152,0.15151515151515152,0.11218765935747066
atom,1.0,1.0,0.44323790720631784
entity,0.878125,0.878125,0.48777802246201274
atom,0.9855072463768116,0.9855072463768116,0.4222648752399232
entity,0.7860576923076923,0.7860576923076923,0.41232528589580686
token,0.8585858585858586,0.8585858585858586,0.4432234432234432
entity,0.6986301369863014,0.6986301369863014,0.45813047711781885
token,0.3125,0.6328125,0.32649778850020106
atom,1.0,1.0,0.41496920890573186
entity,0.04728132387706856,0.04728132387706856,0.025008119519324468
atom,0.971875,0.971875,0.4554048499794492
atom,0.7341772151898734,0.7341772151898734,0.4528
entity,0.27884615384615385,0.27884615384615385,0.0
atom,0.9665605095541401,0.9665605095541401,0.37427789601702643
all,1.0,1.0,0.49717813051146387
atom,0.9821826280623608,0.9821826280623608,0.4288025889967637
all,0.9507829977628636,0.9507829977628636,0.4863254806390468
all,1.0,1.0,0.4771723122238586
atom,0.8491803278688524,0.8491803278688524,0.4
atom,1.0,1.0,0.3656406898057193
atom,1.0,1.0,0.4390595009596929
entity,0.005305039787798408,0.005305039787798408,0.0
token,0.5320813771517997,0.7183098591549296,0.34132880492464446
token,0.7386569872958257,0.8493647912885662,0.44628099173553715
atom,1.0,1.0,0.3853820598006644
token,0.6368421052631579,0.6368421052631579,0.31421548545678
atom,1.0,1.0,0.44910289271329185
entity,0.103125,0.103125,0.0943952802359882
token,0.6704361873990307,0.7802907915993538,0.4805325295151972
atom,1.0,1.0,0.3792235801581596
atom,1.0,1.0,0.4519092219020173
token,0.3828125,0.8546875,0.35545755237045207
all,1.0,1.0,0.4813608396670286
token,0.8237704918032787,0.8237704918032787,0.427120669056153
atom,1.0,1.0,0.4482758620689655
token,0.8275862068965517,0.8275862068965517,0.4005449591280654
entity,0.03333333333333333,0.03333333333333333,0.0
atom,1.0,1.0,0.41874999999999996
entity,0.15151515151515152,0.15151515151515152,0.11218765935747066
atom,1.0,1.0,0.414760294410185
atom,0.8828125,0.8828125,0.41566866267465075
entity,0.878125,0.878125,0.48777802246201274
atom,1.0,1.0,0.44323790720631784
atom,0.9855072463768116,0.9855072463768116,0.4222648752399232
token,0.8585858585858586,0.8585858585858586,0.4432234432234432
entity,0.7860576923076923,0.7860576923076923,0.41232528589580686
token,0.3125,0.6328125,0.32649778850020106
entity,0.6986301369863014,0.6986301369863014,0.45813047711781885
atom,1.0,1.0,0.41496920890573186
entity,0.04728132387706856,0.04728132387706856,0.025008119519324468
atom,0.971875,0.971875,0.4554048499794492
entity,0.27884615384615385,0.27884615384615385,0.0
atom,0.9821826280623608,0.9821826280623608,0.4288025889967637
atom,0.7341772151898734,0.7341772151898734,0.4528
all,0.9507829977628636,0.9507829977628636,0.4863254806390468
all,1.0,1.0,0.49717813051146387
atom,0.9665605095541401,0.9665605095541401,0.37427789601702643
all,1.0,1.0,0.4771723122238586
token,0.7386569872958257,0.8493647912885662,0.44628099173553715
atom,0.8491803278688524,0.8491803278688524,0.4
token,0.5320813771517997,0.7183098591549296,0.34132880492464446
atom,1.0,1.0,0.4390595009596929
atom,1.0,1.0,0.3656406898057193
atom,1.0,1.0,0.44910289271329185
token,0.6368421052631579,0.6368421052631579,0.31421548545678
atom,1.0,1.0,0.3853820598006644
entity,0.005305039787798408,0.005305039787798408,0.0
entity,0.103125,0.103125,0.0943952802359882
token,0.6704361873990307,0.7802907915993538,0.4805325295151972
atom,0.8828125,0.8828125,0.41566866267465075
token,0.8275862068965517,0.8275862068965517,0.4005449591280654
entity,0.7860576923076923,0.7860576923076923,0.41232528589580686
entity,0.15151515151515152,0.15151515151515152,0.11218765935747066
entity,0.6986301369863014,0.6986301369863014,0.45813047711781885
entity,0.878125,0.878125,0.48777802246201274
entity,0.04728132387706856,0.04728132387706856,0.025008119519324468
atom,1.0,1.0,0.414760294410185
atom,0.9855072463768116,0.9855072463768116,0.4222648752399232
atom,0.9821826280623608,0.9821826280623608,0.4288025889967637
atom,1.0,1.0,0.44323790720631784
atom,0.7341772151898734,0.7341772151898734,0.4528
entity,0.03333333333333333,0.03333333333333333,0.0
atom,1.0,1.0,0.4390595009596929
all,1.0,1.0,0.49717813051146387
atom,1.0,1.0,0.41496920890573186
token,0.6368421052631579,0.6368421052631579,0.31421548545678
atom,1.0,1.0,0.41874999999999996
all,1.0,1.0,0.4771723122238586
token,0.8585858585858586,0.8585858585858586,0.4432234432234432
all,0.9507829977628636,0.9507829977628636,0.4863254806390468
atom,0.9665605095541401,0.9665605095541401,0.37427789601702643
token,0.3125,0.6328125,0.32649778850020106
entity,0.27884615384615385,0.27884615384615385,0.0
token,0.5320813771517997,0.7183098591549296,0.34132880492464446
atom,0.971875,0.971875,0.4554048499794492
atom,1.0,1.0,0.3656406898057193
entity,0.005305039787798408,0.005305039787798408,0.0
atom,1.0,1.0,0.44910289271329185
atom,0.8491803278688524,0.8491803278688524,0.4
entity,0.103125,0.103125,0.0943952802359882
token,0.7386569872958257,0.8493647912885662,0.44628099173553715
atom,1.0,1.0,0.3853820598006644
atom,0.8828125,0.8828125,0.41566866267465075
token,0.8275862068965517,0.8275862068965517,0.4005449591280654
entity,0.7860576923076923,0.7860576923076923,0.41232528589580686
entity,0.6986301369863014,0.6986301369863014,0.45813047711781885
entity,0.15151515151515152,0.15151515151515152,0.11218765935747066
entity,0.04728132387706856,0.04728132387706856,0.025008119519324468
entity,0.878125,0.878125,0.48777802246201274
atom,1.0,1.0,0.414760294410185
atom,0.9855072463768116,0.9855072463768116,0.4222648752399232
entity,0.03333333333333333,0.03333333333333333,0.0
atom,0.9821826280623608,0.9821826280623608,0.4288025889967637
atom,1.0,1.0,0.44323790720631784
atom,1.0,1.0,0.4390595009596929
atom,0.7341772151898734,0.7341772151898734,0.4528
all,1.0,1.0,0.49717813051146387
all,1.0,1.0,0.4771723122238586
token,0.6368421052631579,0.6368421052631579,0.31421548545678
atom,1.0,1.0,0.41496920890573186
atom,1.0,1.0,0.41874999999999996
token,0.8585858585858586,0.8585858585858586,0.4432234432234432
atom,0.9665605095541401,0.9665605095541401,0.37427789601702643
all,0.9507829977628636,0.9507829977628636,0.4863254806390468
token,0.3125,0.6328125,0.32649778850020106
entity,0.27884615384615385,0.27884615384615385,0.0
token,0.5320813771517997,0.7183098591549296,0.34132880492464446
atom,1.0,1.0,0.3656406898057193
atom,0.971875,0.971875,0.4554048499794492
atom,1.0,1.0,0.44910289271329185
entity,0.005305039787798408,0.005305039787798408,0.0
atom,0.8491803278688524,0.8491803278688524,0.4
entity,0.103125,0.103125,0.0943952802359882
token,0.7386569872958257,0.8493647912885662,0.44628099173553715
atom,1.0,1.0,0.3853820598006644
token,0.8275862068965517,0.8275862068965517,0.4005449591280654
entity,0.03333333333333333,0.03333333333333333,0.0
atom,1.0,1.0,0.414760294410185
atom,0.8828125,0.8828125,0.41566866267465075
atom,1.0,1.0,0.41874999999999996
entity,0.15151515151515152,0.15151515151515152,0.11218765935747066
atom,1.0,1.0,0.44323790720631784
atom,0.9855072463768116,0.9855072463768116,0.4222648752399232
entity,0.878125,0.878125,0.48777802246201274
token,0.8585858585858586,0.8585858585858586,0.4432234432234432
entity,0.7860576923076923,0.7860576923076923,0.41232528589580686
entity,0.6986301369863014,0.6986301369863014,0.45813047711781885
token,0.3125,0.6328125,0.32649778850020106
entity,0.04728132387706856,0.04728132387706856,0.025008119519324468
atom,0.971875,0.971875,0.4554048499794492
atom,1.0,1.0,0.41496920890573186
atom,0.7341772151898734,0.7341772151898734,0.4528
atom,0.9665605095541401,0.9665605095541401,0.37427789601702643
entity,0.27884615384615385,0.27884615384615385,0.0
atom,0.9821826280623608,0.9821826280623608,0.4288025889967637
all,0.9507829977628636,0.9507829977628636,0.4863254806390468
atom,0.8491803278688524,0.8491803278688524,0.4
all,1.0,1.0,0.4771723122238586
token,0.7386569872958257,0.8493647912885662,0.44628099173553715
atom,1.0,1.0,0.4390595009596929
all,1.0,1.0,0.49717813051146387
atom,1.0,1.0,0.3853820598006644
token,0.5320813771517997,0.7183098591549296,0.34132880492464446
token,0.6368421052631579,0.6368421052631579,0.31421548545678
atom,1.0,1.0,0.44910289271329185
entity,0.005305039787798408,0.005305039787798408,0.0
atom,1.0,1.0,0.3656406898057193
entity,0.103125,0.103125,0.0943952802359882
token,0.6704361873990307,0.7802907915993538,0.4805325295151972
atom,1.0,1.0,0.3792235801581596
atom,1.0,1.0,0.4519092219020173
token,0.3828125,0.8546875,0.35545755237045207
all,1.0,1.0,0.4813608396670286
token,0.8237704918032787,0.8237704918032787,0.427120669056153
atom,1.0,1.0,0.4482758620689655
